0.88979,0.032672,20.135,20.263,20.213,20.274,20.415,20.42,20.511,20.327,20.419,20.421,21.076,20.526,20.05,15.917,12.152,7.7616,7.313,14.523,17.444,16.916,15.956,16.028,17.198,16.51,14.248,12.104,11.198,10.955,10.561,10.425,10.354,11.131,11.87,12.737,13.834,14.833,15.348,15.403,16.263,16.457,16.662,17.136,17.327,17.364,16.981,17.19,16.902,16.096,14.914
0.87907,0.14155,19.504,19.525,19.62,19.585,19.636,19.607,19.857,19.779,19.981,20.454,20.868,20.55,21.853,22.427,12.411,10.516,5.0733,9.6986,14.477,15.754,15.745,15.693,16.867,17.903,16.456,14.045,12.604,11.846,11.238,10.811,10.391,10.748,11.223,11.703,12.869,13.838,14.339,14.635,15.281,15.465,15.517,16.005,16.53,16.775,16.71,17.038,17.021,16.759,16.461
0.77688,0.076516,19.864,19.935,19.97,19.952,20.049,20.04,20.207,20.082,20.195,20.355,20.925,20.348,20.625,18.694,12.129,8.7994,6.1353,12.327,16.013,16.208,15.643,15.616,16.797,16.871,14.982,12.725,11.576,11.067,10.617,10.384,10.193,10.806,11.485,12.202,13.337,14.308,14.826,14.981,15.755,15.926,16.068,16.557,16.889,17.045,16.818,17.097,16.915,16.377,15.605
0.86632,0.20563,19.278,19.3,19.458,19.35,19.339,19.33,19.569,19.61,19.848,20.475,20.644,20.486,22.441,25.014,12.343,11.605,4.0608,7.0497,12.598,14.962,15.547,15.471,16.506,18.28,17.323,14.89,13.164,12.131,11.436,10.838,10.191,10.22,10.507,10.787,11.915,12.83,13.337,13.763,14.248,14.467,14.456,14.892,15.546,15.874,16.007,16.313,16.419,16.39,16.515
0.83457,0.31032,19.086,19.223,19.458,19.216,19.095,19.172,19.223,19.55,19.792,20.536,20.117,20.304,22.843,27.886,12.111,12.767,3.0361,2.83,9.1204,13.44,15.117,15.074,15.67,18.336,18.274,16.008,13.822,12.388,11.601,10.69,9.5887,8.9156,8.7841,8.7476,9.6876,10.457,10.969,11.619,11.757,12.1,12.013,12.254,13.025,13.432,13.922,14.088,14.354,14.621,15.35
0.74702,0.22661,19.19,19.264,19.479,19.261,19.185,19.229,19.365,19.576,19.791,20.422,20.289,20.191,22.408,26.373,12.038,12.037,3.2377,4.6672,10.557,13.911,15.073,14.977,15.774,18.023,17.57,15.243,13.26,11.968,11.253,10.516,9.6564,9.3149,9.436,9.5708,10.602,11.424,11.944,12.483,12.788,13.06,13.014,13.351,14.06,14.455,14.799,15.033,15.21,15.359,15.821
0.80956,0.3707,19.095,19.33,19.571,19.303,19.152,19.275,19.176,19.623,19.83,20.575,19.883,20.232,22.734,28.218,12.115,12.86,3.1142,1.657,7.8086,12.818,14.906,14.916,15.282,18.095,18.387,16.282,13.956,12.442,11.629,10.597,9.2929,8.3057,7.9698,7.8352,8.6546,9.3526,9.8398,10.57,10.556,10.968,10.867,10.985,11.745,12.143,12.753,12.843,13.132,13.462,14.321
0.75799,0.46718,19.285,19.818,20.016,19.782,19.612,19.832,19.297,19.961,19.995,20.686,19.414,20.083,21.887,27.021,12.459,12.132,4.3919,0.64652,5.4629,11.53,14.353,14.554,14.369,16.989,17.971,16.396,13.9,12.427,11.593,10.331,8.5939,6.937,6.1074,5.8417,6.3247,6.8464,7.198,8.0657,7.7252,8.3023,8.214,7.9904,8.5916,8.8765,9.648,9.5903,9.8088,10.164,10.987
0.68846,0.36799,19.204,19.556,19.789,19.501,19.338,19.512,19.221,19.774,19.884,20.534,19.613,19.982,22.111,27.42,12.086,12.336,3.4249,1.2116,6.699,12.061,14.433,14.491,14.629,17.328,17.922,16.059,13.665,12.138,11.341,10.248,8.7943,7.5337,7.0577,6.9035,7.5858,8.2009,8.6411,9.4148,9.2783,9.7467,9.6604,9.6413,10.321,10.69,11.384,11.41,11.649,11.996,12.835
0.72169,0.52151,19.419,20.111,20.261,20.093,19.939,20.194,19.431,20.153,20.061,20.727,19.229,19.994,21.237,25.72,12.799,11.407,5.3114,0.71169,4.5231,10.852,13.954,14.283,13.843,16.189,17.475,16.219,13.704,12.345,11.485,10.137,8.2131,6.2504,5.185,4.8966,5.2005,5.6354,5.8734,6.7843,6.3069,6.9535,6.8893,6.4862,6.9632,7.1648,7.958,7.8662,7.9871,8.3304,8.9819
0.65228,0.60608,19.675,20.6,20.629,20.658,20.578,20.846,19.757,20.441,20.072,20.724,19.077,19.774,19.753,22.339,13.609,9.5423,6.9624,1.6677,3.4826,9.6139,12.961,13.548,12.789,14.394,16.057,15.38,12.97,11.956,11.016,9.6111,7.4999,5.1543,3.7861,3.5482,3.5609,3.8634,3.8324,4.7512,4.1348,4.8421,4.8522,4.1887,4.3994,4.4444,5.1305,5.1049,4.9323,5.2421,5.2936
0.60344,0.49523,19.58,20.384,20.477,20.385,20.267,20.538,19.596,20.309,20.051,20.639,19.078,19.705,20.213,23.678,13.073,10.24,6.0018,1.2679,3.8909,10.007,13.203,13.637,13.041,14.968,16.459,15.523,13.074,11.873,10.987,9.6475,7.6556,5.5,4.3472,4.1271,4.2907,4.6546,4.7593,5.6549,5.1266,5.79,5.7742,5.2411,5.566,5.6996,6.4537,6.3925,6.3422,6.6703,7.0028
0.60608,0.65228,19.738,20.677,20.637,20.78,20.746,20.987,19.873,20.445,19.962,20.637,19.131,19.62,19.066,20.736,13.933,8.6609,7.288,2.1351,3.3048,8.9785,12.293,12.998,12.228,13.503,15.224,14.729,12.442,11.606,10.566,9.2185,7.1568,4.7592,3.4003,3.2385,3.1832,3.4642,3.3059,4.1668,3.5933,4.2602,4.3181,3.6343,3.7567,3.7702,4.3306,4.4255,4.0756,4.407,4.085
0.52151,0.72169,19.769,20.52,20.283,20.701,20.783,20.883,20.041,20.185,19.519,20.285,19.468,19.273,17.755,17.658,14.516,7.1867,7.106,3.0103,3.2652,7.3057,10.371,11.402,10.871,11.545,13.177,12.883,11.05,10.61,9.1355,8.1094,6.4661,4.156,3.086,3.1342,3.0007,3.2977,2.9062,3.5117,3.2233,3.6689,3.8532,3.3757,3.427,3.4872,3.6442,4.1371,3.3832,3.8685,2.7053
0.49523,0.60344,19.767,20.611,20.498,20.731,20.744,20.934,19.931,20.325,19.745,20.393,19.216,19.284,18.277,19.171,14.016,7.8129,6.9775,2.5769,3.305,8.1396,11.275,12.068,11.433,12.429,14.099,13.688,11.599,10.908,9.7137,8.5418,6.6919,4.3666,3.2245,3.2077,3.1595,3.4561,3.2037,3.9329,3.5193,4.0695,4.1897,3.6048,3.685,3.7337,4.1325,4.4048,3.8596,4.2556,3.5507
0.46718,0.75799,19.767,20.352,20.006,20.54,20.678,20.679,20.1,20.006,19.303,20.095,19.642,19.201,17.377,16.717,14.787,7.02,6.8446,3.3981,3.3231,6.4529,9.4003,10.646,10.307,10.788,12.304,12.026,10.498,10.232,8.4457,7.6458,6.3052,4.0782,3.1762,3.2881,3.0972,3.4088,2.9568,3.4113,3.2836,3.603,3.8453,3.5468,3.6188,3.7352,3.7074,4.3681,3.4826,4.0707,2.6548
0.3707,0.80956,19.769,20.004,19.49,20.136,20.367,20.164,20.192,19.721,19.048,19.838,19.879,19.353,17.343,16.329,15.303,7.9216,6.4143,4.1499,3.6278,5.2396,8.0527,9.7391,9.788,10.123,11.342,10.972,10.064,10.035,7.6387,7.2759,6.5231,4.4791,3.7664,3.8649,3.4894,3.8162,3.3584,3.5704,3.6668,3.8008,4.1192,4.1899,4.3583,4.5778,4.3318,5.1265,4.1826,4.9436,3.4695
0.36799,0.68846,19.782,20.158,19.732,20.297,20.478,20.379,20.128,19.84,19.14,19.856,19.691,19.091,17.167,16.364,14.878,7.3453,6.3551,3.7965,3.4874,5.6778,8.4832,9.9126,9.8264,10.233,11.573,11.232,10.044,9.8727,7.7797,7.2559,6.2675,4.1738,3.4764,3.6307,3.3925,3.7206,3.2815,3.5823,3.617,3.8114,4.0991,4.0179,4.1404,4.339,4.204,4.9452,4.0161,4.7008,3.2482
0.31032,0.83457,19.804,19.909,19.358,19.985,20.257,19.965,20.258,19.691,19.06,19.803,19.862,19.564,17.631,16.711,15.612,8.8681,6.4816,4.6038,3.8899,5.0004,7.8082,9.6973,9.897,10.229,11.303,10.88,10.255,10.298,7.6781,7.4737,6.9244,4.9566,4.1944,4.2063,3.7004,4.0135,3.5875,3.7363,3.8641,3.9616,4.2919,4.4968,4.7018,4.9403,4.6759,5.4059,4.5258,5.3274,3.9909
0.20563,0.86632,19.964,19.861,19.343,19.75,20.126,19.643,20.476,19.864,19.365,19.91,19.539,20.328,18.829,18.477,16.531,12.003,7.2763,6.037,4.8266,5.1654,8.0473,10.384,10.854,11.24,11.976,11.45,11.463,11.612,8.6496,8.7029,8.4396,6.6354,5.4604,5.1314,4.2534,4.5018,4.1932,4.284,4.3555,4.4626,4.7784,5.1915,5.4321,5.633,5.5055,5.8067,5.2375,6.0354,5.2564
0.22661,0.74702,19.892,19.893,19.365,19.871,20.175,19.813,20.331,19.763,19.18,19.748,19.613,19.687,17.973,17.395,15.804,10.081,6.5886,5.1608,4.2612,4.9664,7.7489,9.7724,10.129,10.511,11.429,10.948,10.59,10.639,7.9011,7.8379,7.436,5.5649,4.7162,4.6183,4.0024,4.289,3.9357,4.0489,4.1805,4.2649,4.588,4.8936,5.1148,5.3659,5.1761,5.7258,4.9776,5.7785,4.7059
0.14155,0.87907,20.093,19.933,19.495,19.712,20.148,19.58,20.621,20.07,19.626,20.003,19.165,20.723,19.524,19.509,17.072,13.837,7.9497,6.9408,5.4232,5.4894,8.4149,10.958,11.546,11.952,12.528,11.984,12.318,12.507,9.4645,9.5978,9.3829,7.6601,6.1645,5.6176,4.5541,4.7569,4.5139,4.6014,4.6185,4.754,5.0446,5.5069,5.7311,5.8821,5.8946,5.8719,5.5126,6.2659,5.8216
0.032672,0.88979,20.377,20.226,20.058,19.817,20.361,19.694,20.89,20.608,20.2,20.164,18.077,21.197,20.604,21.148,17.978,16.997,9.3884,8.6529,6.5438,6.359,9.3157,12.115,12.876,13.284,13.638,13.147,13.973,14.198,11.226,11.393,11.056,9.4708,7.3102,6.3675,5.0791,5.2016,5.0685,5.1716,5.1126,5.3086,5.5278,5.9489,6.075,6.0997,6.4727,5.7555,5.8086,6.4157,6.5534
0.076516,0.77688,20.273,20.109,19.819,19.77,20.251,19.643,20.753,20.367,19.932,19.989,18.459,20.764,19.922,20.296,17.363,15.372,8.5271,7.7937,5.9864,5.8572,8.7472,11.37,12.089,12.523,12.971,12.446,13.033,13.206,10.237,10.41,10.148,8.5197,6.7496,6.0211,4.8814,5.0355,4.8717,4.966,4.9601,5.1151,5.3643,5.8118,5.9819,6.0937,6.3088,5.922,5.7801,6.4528,6.3417
-0.032672,0.88979,20.522,20.426,20.423,19.974,20.55,19.882,20.983,20.878,20.422,20.111,17.29,20.991,20.662,21.312,18.144,17.811,9.8721,9.2078,6.8822,6.6471,9.5361,12.349,13.199,13.591,13.9,13.484,14.439,14.665,11.843,11.97,11.48,9.9534,7.5711,6.5028,5.2485,5.3447,5.2483,5.3445,5.3356,5.5216,5.6984,6.0344,6.089,6.0794,6.616,5.6406,5.8358,6.3676,6.667
-0.14155,0.87907,20.871,20.93,21.318,20.53,21.115,20.52,21.099,21.43,20.764,19.571,14.662,19.177,19.541,20.157,17.75,18.094,10.327,9.7577,7.1512,6.7314,9.2068,11.863,13.046,13.462,13.737,13.569,14.605,14.82,12.575,12.516,11.538,10.152,7.5356,6.2807,5.3571,5.405,5.3987,5.3998,5.7966,5.815,5.8702,5.927,5.814,5.8334,6.6304,5.3393,5.7281,6.1134,6.5572
-0.076516,0.77688,20.696,20.673,20.847,20.221,20.79,20.174,21.022,21.131,20.566,19.803,16.119,20.072,20.027,20.724,17.806,17.716,9.896,9.3714,6.9508,6.6248,9.3017,11.975,12.978,13.388,13.691,13.378,14.343,14.524,11.991,12.053,11.36,9.9059,7.5048,6.4021,5.3467,5.4193,5.3692,5.435,5.594,5.7072,5.8316,6.0454,6.0188,6.0419,6.7086,5.6001,5.8671,6.3288,6.6917
-0.20563,0.86632,21.045,21.151,21.685,20.855,21.403,20.86,21.115,21.627,20.86,19.104,12.95,17.563,18.392,18.965,17.167,17.613,10.269,9.6788,7.064,6.4343,8.5706,11.108,12.552,13.071,13.33,13.294,14.279,14.498,12.62,12.441,11.211,9.8922,7.2849,5.9474,5.2093,5.2211,5.2818,5.1948,5.9235,5.7882,5.7719,5.6929,5.5285,5.6162,6.4384,5.1587,5.5917,5.9279,6.3795
-0.31032,0.83457,21.295,21.402,22.053,21.409,21.814,21.375,21.059,21.772,20.912,18.08,9.5575,13.767,15.607,16.178,15.599,15.972,9.7978,9.0004,6.6016,5.4201,6.7793,9.1022,11.121,12.001,12.226,12.412,13.149,13.405,12.224,11.816,10.195,8.9642,6.5497,5.0647,4.5425,4.4698,4.69,4.3845,5.8552,5.3621,5.2159,4.9444,4.7746,5.0437,5.7023,4.7294,5.1661,5.4639,5.8563
-0.22661,0.74702,21.205,21.316,21.913,21.164,21.623,21.157,21.075,21.712,20.872,18.458,11.086,15.342,16.695,17.317,16.13,16.433,9.8098,9.1989,6.7425,5.7876,7.4693,9.8122,11.58,12.305,12.555,12.633,13.454,13.653,12.192,11.905,10.481,9.2211,6.82,5.456,4.8989,4.8583,5.0085,4.8191,5.9356,5.6049,5.5201,5.3421,5.1687,5.3802,6.1215,5.0294,5.4437,5.7548,6.1649
-0.3707,0.80956,21.358,21.423,22.038,21.589,21.898,21.505,21.004,21.733,20.91,17.63,8.0752,11.848,14.219,14.92,14.781,15.136,9.5705,8.564,6.3464,4.8526,5.8226,8.0864,10.376,11.502,11.706,11.97,12.541,12.833,11.939,11.439,9.7178,8.4935,6.2008,4.6357,4.0622,3.9358,4.2383,3.8294,5.6211,4.9642,4.7712,4.4594,4.336,4.6802,5.1763,4.4361,4.8652,5.156,5.5243
-0.46718,0.75799,21.392,21.277,21.631,21.829,21.842,21.576,20.816,21.446,20.898,16.686,4.8298,7.1059,10.873,12.238,12.741,13.23,9.1418,7.41,5.7502,3.4569,3.446,5.678,8.5743,10.434,10.581,10.988,11.065,11.479,11.167,10.496,8.709,7.415,5.4324,3.6552,2.5813,2.306,2.8104,2.1736,4.6111,3.5995,3.3384,3.0292,3.109,3.5732,3.5359,3.4841,3.9052,4.1721,4.5134
-0.36799,0.68846,21.394,21.382,21.879,21.692,21.865,21.542,20.918,21.609,20.881,17.144,6.7188,9.6964,12.625,13.657,13.739,14.031,9.186,7.954,6.0186,4.1476,4.682,6.8508,9.4086,10.858,11.045,11.359,11.696,12,11.387,10.834,9.1155,7.8743,5.8204,4.2183,3.4963,3.2945,3.6832,3.1967,5.2363,4.4323,4.2126,3.9164,3.8768,4.3,4.5737,4.1501,4.5521,4.8338,5.1818
-0.52151,0.72169,21.374,21.148,21.305,21.871,21.704,21.525,20.707,21.247,20.912,16.249,3.2638,4.5669,9.1213,11.031,11.671,12.351,9.0355,6.8376,5.4927,2.7757,2.2313,4.4696,7.6501,9.9427,10.063,10.535,10.327,10.812,10.77,10.04,8.2987,6.9328,5.1109,3.2256,1.7321,1.3643,1.9554,1.236,3.8847,2.7321,2.4674,2.2021,2.4132,2.8958,2.5578,2.8811,3.3201,3.5472,3.8962
-0.60608,0.65228,21.285,20.868,20.609,21.769,21.26,21.292,20.52,20.861,20.983,15.641,1.0466,0.33125,6.2564,9.4619,9.9571,11.162,9.0919,6.0298,5.2033,1.8583,0.42282,2.6539,6.1869,9.2413,9.3362,9.9135,9.2011,9.7996,10.131,9.3755,7.8728,6.327,4.7744,2.7606,0.31976,-0.20606,0.42848,-0.31715,2.2913,1.0523,0.8878,0.77586,1.2215,1.6143,0.81486,1.7376,2.2612,2.3355,2.7213
-0.49523,0.60344,21.348,21.021,20.95,21.816,21.461,21.404,20.607,21.043,20.929,15.855,2.1344,2.2363,7.4715,10.115,10.61,11.461,8.8909,6.3047,5.2782,2.177,1.1515,3.3104,6.6914,9.4012,9.5137,10.027,9.5342,10.039,10.228,9.505,7.9255,6.4776,4.8989,2.9914,1.0556,0.58073,1.2062,0.49289,3.104,1.9073,1.6878,1.521,1.856,2.3241,1.744,2.3984,2.8596,3.012,3.3809
-0.65228,0.60608,21.243,20.787,20.379,21.637,21.001,21.161,20.478,20.75,21.029,15.488,0.68233,-1.001,5.3492,9.1935,9.4747,10.905,9.2413,5.9051,5.2048,1.7435,0.088183,2.1818,5.7273,9.0129,9.1262,9.7474,8.8818,9.4869,9.9198,9.213,7.8866,6.2661,4.8283,2.846,0.055688,-0.52804,0.0102,-0.63812,1.5752,0.48009,0.45502,0.44728,0.93012,1.2037,0.4049,1.4047,1.9943,1.9433,2.3333
-0.72169,0.52151,21.13,20.727,20.158,21.182,20.355,20.856,20.494,20.644,21.076,15.406,1.5532,-2.6971,3.989,9.1455,9.0755,10.692,9.7349,6.1616,5.4206,2.1625,0.67768,1.8078,5.019,8.4729,8.7251,9.4924,8.5037,8.9775,9.5628,9.0833,8.2613,6.5697,5.4052,3.7001,0.59315,-0.091888,-0.053261,-0.35302,0.14406,0.024421,0.49539,0.70263,0.99755,0.87507,0.82902,1.3153,2.0797,1.6856,1.9668
-0.60344,0.49523,21.222,20.79,20.302,21.44,20.722,21.031,20.488,20.719,21.045,15.41,1.1331,-1.6547,4.7819,9.2348,9.2125,10.659,9.3116,5.9485,5.2697,1.8462,0.26606,1.9095,5.3221,8.6846,8.8576,9.5126,8.5867,9.1005,9.6047,9.0208,7.9456,6.2998,5.0594,3.2443,0.35152,-0.29434,0.046106,-0.40999,1.0556,0.3284,0.5177,0.63875,1.0456,1.1766,0.68339,1.4792,2.1245,1.9266,2.2908
-0.75799,0.46718,21.048,20.725,20.182,20.922,20.06,20.712,20.546,20.626,21.029,15.494,2.5717,-2.9879,3.493,9.0956,9.1501,10.622,10.005,6.4936,5.5668,2.6214,1.3417,1.8373,4.7376,8.0973,8.4686,9.3527,8.4224,8.7613,9.4302,9.0899,8.5353,6.8914,5.8679,4.3491,1.3493,0.59906,0.30758,0.15291,-0.203,0.33666,0.89454,1.1341,1.3015,1.0223,1.4334,1.5781,2.418,1.9006,2.068
-0.80956,0.3707,20.845,20.717,20.404,20.473,19.666,20.483,20.7,20.611,20.812,15.905,5.1181,-2.5535,2.8906,8.8092,9.681,10.537,10.461,7.3297,5.8191,3.7265,2.8402,2.2097,4.398,7.3079,7.955,9.107,8.4811,8.5077,9.3221,9.219,9.1018,7.6849,6.8921,5.7042,3.2812,2.3816,1.4422,1.4021,0.34627,1.4229,1.9524,2.1546,2.1401,1.7225,2.8594,2.4557,3.3912,2.8199,2.7125
-0.68846,0.36799,20.97,20.759,20.342,20.686,19.859,20.598,20.634,20.644,20.906,15.677,4.0593,-2.6364,3.2297,9.0115,9.3841,10.433,10.118,6.9107,5.6909,3.1762,2.1586,1.9618,4.4651,7.5663,8.0884,9.0927,8.3329,8.4601,9.2193,9.035,8.7455,7.2414,6.4142,5.1294,2.5104,1.6687,1.0379,0.98648,0.17794,1.057,1.5827,1.8194,1.8723,1.5432,2.3584,2.1885,3.0589,2.5096,2.552
-0.83457,0.31032,20.726,20.678,20.523,20.322,19.592,20.394,20.781,20.579,20.671,16.214,6.4017,-2.0919,2.6815,8.5191,10.008,10.519,10.65,7.7656,5.9091,4.2865,3.529,2.4889,4.3097,6.9309,7.7153,9.0034,8.5902,8.4781,9.3542,9.3246,9.3617,8.1028,7.3911,6.3095,4.235,3.2605,2.0346,1.9292,0.78175,1.8971,2.4013,2.5716,2.526,2.1159,3.4609,2.9017,3.8586,3.36,3.1395
-0.86632,0.20563,20.403,20.491,20.774,20.103,19.655,20.218,20.993,20.427,20.288,17.191,9.5736,-0.54391,2.3222,7.573,10.809,10.54,11.025,8.823,6.0378,5.6453,5.084,3.3175,4.2276,6.0788,7.1992,8.79,8.9982,8.609,9.588,9.645,9.9543,9.1426,8.5947,7.6532,6.4722,5.3154,3.4517,2.922,1.822,2.7755,3.2636,3.3747,3.3657,3.0996,4.6625,3.936,4.8982,4.7669,4.3523
-0.74702,0.22661,20.621,20.638,20.676,20.245,19.642,20.335,20.872,20.543,20.501,16.587,7.8097,-1.336,2.5838,8.1547,10.311,10.378,10.681,8.19,5.9617,4.819,4.1754,2.7737,4.1876,6.4533,7.378,8.7793,8.6405,8.3661,9.3083,9.3399,9.5104,8.4669,7.8854,6.9127,5.2939,4.2318,2.7582,2.5095,1.3919,2.4127,2.8756,3.0283,2.9888,2.6744,4.0998,3.4713,4.405,4.0647,3.7873
-0.87907,0.14155,20.235,20.358,20.863,20.065,19.794,20.143,21.107,20.316,20.106,17.78,11.203,0.3428,2.1667,7.0114,11.162,10.581,11.205,9.3822,6.0994,6.349,5.8437,3.8101,4.199,5.642,6.9378,8.6637,9.2316,8.7316,9.7493,9.8195,10.247,9.6845,9.2326,8.3277,7.5951,6.3435,4.1769,3.3178,2.3217,3.1079,3.6036,3.7101,3.7552,3.6004,5.1589,4.4182,5.3575,5.4788,5.0256
-0.88979,0.032672,19.998,20.101,20.919,20.176,20.241,20.078,21.3,20.099,19.897,18.843,13.73,1.9112,2.0408,6.0955,11.527,10.713,11.446,10.285,6.2219,7.4402,6.9535,4.7023,4.1551,4.9694,6.5407,8.4003,9.6017,9.0047,10.043,10.081,10.665,10.513,10.279,9.385,9.3286,7.9249,5.3524,3.7751,3.1257,3.4596,3.9686,4.1379,4.3223,4.4126,5.7212,5.0883,5.923,6.554,6.1909
-0.77688,0.076516,20.139,20.256,20.932,20.14,20.051,20.12,21.203,20.225,19.987,18.298,12.56,1.2459,2.1243,6.5378,11.32,10.5,11.216,9.8385,6.1689,6.8784,6.4015,4.2199,4.0862,5.1607,6.5978,8.3896,9.3011,8.7053,9.764,9.8395,10.365,10.047,9.7618,8.9081,8.5934,7.2531,4.8987,3.6947,2.8741,3.4055,3.8798,4.0263,4.1377,4.1428,5.5559,4.8775,5.7374,6.1266,5.7501
-0.88979,-0.032672,19.986,20.033,20.885,20.332,20.512,20.113,21.355,20.044,19.943,19.172,14.324,2.5245,2.0906,5.9129,11.484,10.793,11.499,10.585,6.3594,7.7176,7.2014,5.0441,4.1146,4.7519,6.3936,8.235,9.6454,9.0705,10.101,10.114,10.74,10.703,10.604,9.724,9.828,8.3824,5.768,3.9192,3.4652,3.5467,4.0113,4.2557,4.4882,4.6754,5.7688,5.224,5.9633,6.7712,6.5594
-0.87907,-0.14155,20.168,20.037,20.735,20.842,21.198,20.365,21.391,20.077,20.387,19.553,14.541,4.0571,2.3639,6.1425,11.165,11.102,11.592,11.194,7.0809,7.9513,7.2861,5.7891,4.0996,4.4626,6.1174,7.8019,9.495,9.1113,10.086,10.055,10.723,10.775,11.071,10.31,10.502,9.0397,6.6387,4.4525,4.417,3.8307,3.9923,4.4753,4.7579,5.0937,5.5767,5.2495,5.6489,6.6735,7.0067
-0.77688,-0.076516,20.1,20.067,20.844,20.576,20.823,20.228,21.359,20.075,20.126,19.259,14.323,3.1167,2.2434,6.0247,11.251,10.754,11.401,10.76,6.6259,7.7157,7.1499,5.2463,3.9969,4.5244,6.1607,7.9167,9.4359,8.9034,9.9401,9.952,10.603,10.619,10.729,9.93,10.093,8.6346,6.1544,4.19,3.9128,3.7118,4.0385,4.3944,4.641,4.9184,5.7289,5.2916,5.8709,6.7624,6.8158
-0.86632,-0.20563,20.313,20.1,20.665,21.089,21.499,20.55,21.365,20.169,20.709,19.62,14.319,5.0545,2.4701,6.4871,11.096,11.353,11.699,11.569,7.7091,7.9948,7.2069,6.2107,4.2163,4.41,5.9935,7.6066,9.3618,9.1246,10.067,10.026,10.699,10.733,11.241,10.591,10.751,9.3219,7.1284,4.9399,5.0329,4.0947,3.9984,4.5904,4.8787,5.2402,5.4421,5.199,5.3895,6.4255,7.0606
-0.83457,-0.31032,20.581,20.269,20.563,21.396,21.854,20.919,21.25,20.418,21.322,19.572,13.587,7.0985,2.5192,7.3489,11.27,11.955,12.013,12.34,9.1945,8.0323,6.9508,7.0001,4.6871,4.5285,5.8531,7.3921,9.1171,9.2026,10.078,10.038,10.686,10.604,11.447,11.048,11.062,9.7634,8.0371,6.1416,6.2556,4.7307,4.0389,4.7536,5.0459,5.3595,5.1965,5.0365,4.8526,5.7462,6.8595
-0.74702,-0.22661,20.502,20.232,20.639,21.278,21.696,20.756,21.289,20.329,21.042,19.501,13.793,6.0933,2.5285,6.9876,11.095,11.509,11.743,11.899,8.4846,7.9047,6.9701,6.5141,4.3656,4.3723,5.7972,7.3569,9.0738,8.9715,9.9127,9.8938,10.561,10.543,11.266,10.787,10.878,9.5152,7.6247,5.6375,5.7315,4.4912,4.0643,4.7276,5.0028,5.3561,5.353,5.1621,5.1384,6.0765,6.996
-0.80956,-0.3707,20.65,20.328,20.529,21.41,21.877,21.054,21.175,20.525,21.518,19.54,13.322,8.0741,2.4397,7.7316,11.543,12.283,12.229,12.734,9.965,8.1166,6.8701,7.355,5.0309,4.6855,5.8357,7.3866,9.0509,9.2918,10.144,10.107,10.735,10.589,11.528,11.241,11.18,9.9675,8.446,6.789,6.7958,5.0582,4.0731,4.7769,5.0887,5.337,5.119,4.9596,4.6521,5.4311,6.6648
-0.75799,-0.46718,20.662,20.382,20.445,21.143,21.612,21.255,20.955,20.713,21.717,19.48,12.985,10.369,2.0821,8.5474,12.556,13.121,12.84,13.7,11.873,8.4772,6.7909,8.13,6.0541,5.2513,5.8853,7.547,8.9918,9.5929,10.411,10.384,10.958,10.664,11.696,11.643,11.416,10.451,9.3691,8.4561,7.9664,5.8531,4.1461,4.6704,5.095,5.115,5.0055,4.7805,4.3168,4.7585,6.0429
-0.68846,-0.36799,20.698,20.394,20.533,21.314,21.761,21.143,21.071,20.635,21.602,19.427,13.067,8.9732,2.3035,8.0902,11.893,12.47,12.381,13.068,10.75,8.1775,6.7551,7.5624,5.3718,4.8255,5.7354,7.3283,8.8762,9.2298,10.105,10.097,10.71,10.513,11.518,11.366,11.246,10.136,8.844,7.5464,7.3266,5.4575,4.1684,4.7946,5.1323,5.2948,5.1279,4.9421,4.5609,5.1723,6.4418
-0.72169,-0.52151,20.601,20.362,20.394,20.883,21.346,21.287,20.829,20.761,21.677,19.487,13.017,11.542,1.8848,8.8911,13.185,13.558,13.196,14.21,12.88,8.769,6.8339,8.4922,6.638,5.5928,5.9118,7.6502,8.9687,9.7479,10.574,10.555,11.111,10.766,11.795,11.849,11.559,10.731,9.8619,9.383,8.5421,6.29,4.2026,4.558,5.0715,4.9431,4.9778,4.6996,4.2233,4.4879,5.7018
-0.65228,-0.60608,20.382,20.233,20.286,20.239,20.665,21.169,20.604,20.724,21.296,19.56,13.474,13.331,1.6972,9.2787,14.296,14.216,13.804,15.006,14.484,9.4344,7.0768,8.9442,7.6085,6.1887,5.911,7.7774,8.8767,9.9113,10.826,10.835,11.392,11.033,11.967,12.173,11.834,11.232,10.697,10.999,9.4116,7.0684,4.3594,4.2797,4.99,4.5557,4.9777,4.5809,4.2293,4.2231,5.1545
-0.60344,-0.49523,20.525,20.336,20.385,20.563,20.988,21.227,20.704,20.771,21.475,19.456,13.182,12.409,1.7748,9.0809,13.7,13.739,13.422,14.564,13.698,9.0488,6.8976,8.6152,7.0644,5.8089,5.7921,7.5971,8.7819,9.6577,10.567,10.586,11.15,10.814,11.815,11.983,11.683,10.97,10.312,10.277,9.0326,6.7602,4.3584,4.4829,5.0767,4.7995,5.0445,4.707,4.2911,4.3939,5.4644
-0.60608,-0.65228,20.279,20.154,20.25,19.961,20.343,21.016,20.538,20.642,20.992,19.631,13.868,13.75,1.8699,9.2516,14.562,14.351,14.005,15.209,14.928,9.7765,7.2859,8.9592,7.8577,6.3497,5.8378,7.7017,8.7405,9.8347,10.846,10.884,11.474,11.174,12.038,12.292,11.979,11.436,11.024,11.58,9.6837,7.4139,4.538,4.2167,4.9867,4.4024,4.9949,4.5537,4.3259,4.2758,5.052
-0.52151,-0.72169,20.127,20,20.203,19.516,19.724,20.521,20.491,20.375,20.178,19.872,15.023,13.891,3.0519,8.6916,14.445,14.419,14.405,15.389,15.392,10.72,8.048,8.6322,8.0194,6.5434,5.6162,7.2214,8.2005,9.4038,10.73,10.891,11.596,11.556,12.237,12.581,12.397,11.909,11.78,12.643,10.221,8.3637,5.4036,4.4576,5.1922,4.1325,4.9573,4.4388,4.577,4.5778,5.0554
-0.49523,-0.60344,20.243,20.12,20.28,19.786,20.081,20.799,20.517,20.547,20.627,19.667,14.308,13.656,2.3253,8.9854,14.435,14.162,14.038,15.178,15.02,10.072,7.5281,8.6789,7.801,6.2967,5.6027,7.3748,8.3817,9.4554,10.639,10.746,11.398,11.232,12.038,12.35,12.12,11.583,11.299,11.992,9.8727,7.8092,4.9289,4.3541,5.0994,4.3618,5.0716,4.6057,4.536,4.5057,5.1477
-0.46718,-0.75799,20.118,19.966,20.202,19.44,19.534,20.272,20.513,20.253,19.83,20.022,15.637,13.728,3.9826,8.1493,14.062,14.446,14.659,15.439,15.489,11.319,8.5867,8.4009,7.9939,6.6403,5.5751,6.9036,7.8726,9.186,10.668,10.918,11.672,11.792,12.384,12.779,12.663,12.199,12.228,13.118,10.57,8.9904,6.1191,4.856,5.4594,4.0557,4.8621,4.3134,4.6228,4.6748,5.0669
-0.3707,-0.80956,20.201,19.983,20.222,19.568,19.447,19.915,20.605,20.095,19.428,20.294,16.635,13.205,6.0071,6.7905,12.947,14.588,15.224,15.527,15.508,12.552,9.7529,8.017,7.8597,6.8863,5.7345,6.3623,7.3262,8.9636,10.648,11.089,11.872,12.276,12.73,13.223,13.2,12.802,13.108,13.835,11.35,10.31,7.7978,6.034,6.2155,4.0194,4.5357,3.9456,4.4852,4.6204,4.9749
-0.36799,-0.68846,20.202,20.014,20.269,19.546,19.513,20.08,20.569,20.192,19.614,20.104,16.119,13.264,5.0415,7.3741,13.355,14.282,14.813,15.364,15.367,11.865,9.1274,8.044,7.7727,6.6196,5.5125,6.4755,7.441,8.8594,10.486,10.854,11.636,11.934,12.48,12.945,12.908,12.458,12.64,13.43,10.938,9.6748,7.0417,5.5326,5.8957,4.1319,4.7878,4.23,4.6565,4.7577,5.138
-0.31032,-0.83457,20.255,20.013,20.231,19.717,19.519,19.838,20.643,20.068,19.385,20.39,16.988,13.006,6.9424,6.0159,12.371,14.722,15.527,15.609,15.521,13.152,10.327,7.9402,7.8215,7.0617,5.9445,6.2118,7.1632,9.0135,10.713,11.245,11.995,12.503,12.911,13.449,13.448,13.112,13.516,14.094,11.786,10.949,8.6609,6.7343,6.6673,4.0646,4.3454,3.7438,4.3239,4.4591,4.8348
-0.20563,-0.86632,20.371,20.102,20.248,20.198,19.877,19.839,20.684,20.092,19.547,20.512,17.569,12.689,9.0458,3.8752,11.015,15.171,16.306,15.891,15.599,14.602,11.715,7.9711,7.7941,7.5935,6.696,6.0949,6.9854,9.4528,11.02,11.77,12.339,13.039,13.372,14.021,14.039,13.929,14.483,14.588,12.981,12.509,10.844,8.6807,7.9418,4.3197,3.8731,3.2646,3.7991,3.8406,4.3083
-0.22661,-0.74702,20.35,20.095,20.295,19.969,19.71,19.85,20.67,20.112,19.478,20.38,17.168,12.711,7.7792,5.0783,11.687,14.665,15.701,15.611,15.425,13.635,10.817,7.8231,7.6681,7.1349,6.1202,6.0328,6.9568,8.999,10.666,11.303,11.987,12.595,13.005,13.604,13.638,13.377,13.845,14.207,12.228,11.558,9.5779,7.5868,7.2259,4.2736,4.2477,3.6573,4.2025,4.2986,4.7306
-0.14155,-0.87907,20.406,20.137,20.26,20.463,20.107,19.906,20.664,20.135,19.704,20.508,17.787,12.617,10.039,2.6106,10.362,15.38,16.687,16.047,15.669,15.342,12.42,8.0517,7.7859,7.8775,7.1295,6.1017,6.9414,9.7487,11.181,12.047,12.48,13.273,13.586,14.297,14.332,14.374,14.965,14.799,13.658,13.314,11.999,9.7731,8.6735,4.5499,3.6955,3.1011,3.5545,3.5046,4.0175
-0.032672,-0.88979,20.393,20.154,20.299,20.886,20.532,20.121,20.52,20.248,20.05,20.326,17.968,12.638,11.376,0.35384,9.439,15.546,17.164,16.235,15.796,16.433,13.465,8.2362,7.7121,8.2654,7.8119,6.1836,6.9071,10.241,11.347,12.402,12.545,13.496,13.821,14.645,14.748,15.094,15.653,15.021,14.814,14.547,13.847,11.647,9.9624,5.1592,3.6426,3.125,3.3439,3.087,3.6511
-0.076516,-0.77688,20.444,20.192,20.336,20.729,20.367,20.037,20.599,20.232,19.917,20.356,17.824,12.496,10.671,1.3677,9.7777,15.219,16.784,16.037,15.62,15.783,12.867,8.0372,7.621,7.9363,7.3498,6.0243,6.7975,9.814,11.092,12.065,12.356,13.247,13.601,14.383,14.478,14.662,15.237,14.815,14.195,13.895,12.942,10.766,9.3578,4.9683,3.7702,3.2277,3.5391,3.3708,3.9274
0.032672,-0.88979,20.337,20.118,20.335,20.972,20.649,20.218,20.391,20.297,20.153,20.134,17.947,12.683,11.533,-0.41338,9.2399,15.305,17.098,16.143,15.774,16.6,13.649,8.2474,7.5646,8.2313,7.8792,6.1615,6.8266,10.228,11.181,12.289,12.319,13.35,13.717,14.577,14.763,15.216,15.704,14.941,15.095,14.765,14.278,12.166,10.341,5.5256,3.8832,3.4443,3.5471,3.2165,3.7687
0.14155,-0.87907,20.1,19.908,20.402,20.879,20.668,20.33,19.973,20.336,20.162,19.506,17.789,12.797,10.982,-1.0817,8.9838,13.91,16.194,15.376,15.375,16.174,13.456,8.1287,6.9515,7.6843,7.4781,5.9602,6.4683,9.5015,10.086,11.217,11.078,12.309,12.824,13.68,14.182,14.764,14.985,14.126,14.884,14.24,14.114,12.356,10.511,6.3585,4.8281,4.6146,4.528,4.1326,4.6126
0.076516,-0.77688,20.28,20.081,20.428,20.967,20.69,20.296,20.229,20.361,20.195,19.811,17.796,12.625,11.157,-0.78281,9.1295,14.484,16.564,15.74,15.524,16.261,13.419,8.0814,7.1931,7.8424,7.5472,5.9564,6.5547,9.7407,10.568,11.692,11.662,12.786,13.257,14.133,14.47,14.96,15.332,14.533,14.951,14.477,14.151,12.229,10.414,5.9935,4.4306,4.1087,4.1022,3.7317,4.2561
0.20563,-0.86632,19.956,19.756,20.393,20.718,20.561,20.308,19.745,20.304,20.061,19.182,17.744,12.892,10.474,-0.83399,8.7297,12.882,15.449,14.764,14.994,15.673,13.202,8.1185,6.6245,7.312,7.1399,5.86,6.2681,8.8628,9.2377,10.318,10.154,11.466,12.044,12.836,13.528,14.104,14.177,13.355,14.29,13.461,13.482,11.942,10.206,6.613,5.2493,5.1121,4.9993,4.5992,5.049
0.31032,-0.83457,19.704,19.447,20.268,20.293,20.215,20.14,19.371,20.152,19.749,18.71,17.758,13.192,9.4651,0.60749,7.9248,10.835,13.857,13.48,14.101,14.492,12.684,8.3704,6.2511,6.7405,6.5632,5.8626,6.0703,7.5311,7.4933,8.3628,8.2591,9.6224,10.233,10.788,11.803,12.237,12.071,11.445,12.429,11.305,11.512,10.373,8.988,6.5661,5.5831,5.4702,5.4206,5.0254,5.4479
0.22661,-0.74702,19.866,19.644,20.393,20.512,20.394,20.24,19.567,20.269,19.919,18.879,17.685,12.946,9.7636,-0.099504,8.3079,11.516,14.424,13.993,14.43,14.859,12.75,8.1244,6.3059,6.8254,6.6338,5.7138,6.0131,7.9305,8.1263,9.0996,8.9897,10.338,10.979,11.662,12.543,13.02,12.968,12.263,13.214,12.217,12.337,11.049,9.533,6.7025,5.5929,5.4877,5.3946,4.9956,5.4253
0.3707,-0.80956,19.631,19.336,20.163,20.101,20.042,20.039,19.265,20.06,19.608,18.617,17.836,13.455,9.1725,1.5702,7.3303,10.013,13.197,12.994,13.709,14.006,12.575,8.731,6.3494,6.6885,6.4762,6.0367,6.1504,7.0351,6.7985,7.5182,7.4819,8.7842,9.3441,9.745,10.845,11.165,10.941,10.437,11.321,10.132,10.396,9.4091,8.2055,6.2414,5.3949,5.2326,5.2396,4.8341,5.2356
0.46718,-0.75799,19.601,19.202,19.855,19.732,19.684,19.821,19.189,19.843,19.373,18.683,18.125,14.378,8.9461,4.1925,5.4363,8.4655,11.95,12.239,12.932,13.112,12.7,10.187,7.2657,7.096,6.741,6.8756,6.7837,6.2919,5.565,5.8194,5.9946,6.9406,7.2185,7.1728,8.3091,8.2541,8.0176,7.8532,8.2539,7.1008,7.4522,6.7347,5.9592,4.8052,4.1457,3.7687,3.9121,3.4501,3.7415
0.36799,-0.68846,19.663,19.333,20.095,19.965,19.904,19.961,19.264,20.011,19.526,18.61,17.914,13.74,8.9369,2.6647,6.5438,9.0976,12.503,12.603,13.302,13.463,12.459,9.2126,6.6278,6.6934,6.3975,6.2343,6.2565,6.4981,6.1062,6.6401,6.7219,7.8844,8.3743,8.6089,9.7353,9.8781,9.6616,9.3091,9.9785,8.7993,9.0974,8.2525,7.2608,5.7604,5.0399,4.7953,4.8557,4.4222,4.776
0.52151,-0.72169,19.674,19.235,19.717,19.627,19.571,19.766,19.246,19.777,19.345,18.832,18.317,15.007,9.0486,5.5022,4.2699,7.7685,11.469,12.115,12.67,12.817,12.953,11.21,8.0603,7.5201,7.0538,7.4502,7.2607,6.1013,5.1236,5.1044,5.3967,6.0685,6.1456,5.8622,6.9346,6.6569,6.4807,6.4924,6.5727,5.5335,5.9304,5.3206,4.7434,3.8866,3.253,2.7397,2.9235,2.4088,2.5766
0.60608,-0.65228,20.014,19.557,19.616,19.685,19.592,19.859,19.561,19.825,19.546,19.289,18.686,16.3,9.5986,7.2677,2.1481,6.7676,11.064,12.554,12.621,12.713,13.714,13.341,9.9475,8.5457,7.8115,8.5651,8.2521,6.1706,4.8288,4.3334,4.8059,4.8792,4.5514,3.924,4.7207,4.0461,4.1079,4.3865,3.8446,3.207,3.684,3.1957,2.8675,2.2592,1.5328,0.73949,0.89084,0.22633,0.0038912
0.49523,-0.60344,19.894,19.454,19.721,19.677,19.594,19.826,19.443,19.842,19.466,19.041,18.479,15.589,9.2291,6.4104,3.1589,6.9856,11.092,12.282,12.57,12.614,13.194,12.199,8.957,7.9107,7.2781,7.8786,7.6152,5.9195,4.8035,4.5467,4.9661,5.3328,5.2488,4.8066,5.7432,5.2434,5.21,5.363,5.1152,4.2758,4.7171,4.1953,3.7761,3.1611,2.5196,1.8768,2.0416,1.4455,1.4141
0.65228,-0.60608,20.28,19.873,19.745,19.889,19.773,20.056,19.819,19.999,19.799,19.522,18.833,16.827,9.921,7.3264,1.5591,6.3007,11.132,13.17,12.932,12.923,14.086,14.174,10.817,8.9363,8.0311,8.8456,8.5185,6.3028,4.9255,4.3112,4.826,4.6743,4.2435,3.6127,4.2248,3.4541,3.686,3.9927,3.2879,2.8976,3.4227,2.9645,2.6518,2.0668,1.2846,0.31568,0.38197,-0.4119,-0.91984
0.72169,-0.52151,21.027,20.858,20.406,20.642,20.488,20.788,20.577,20.675,20.611,19.998,19.16,17.836,10.724,5.8579,1.6389,4.8434,11.575,15.321,14.384,13.869,14.82,15.575,12.666,9.5646,8.1112,8.8402,8.5617,6.6082,5.4609,4.8343,5.3743,4.9677,4.5914,4.3454,4.5421,3.8479,4.4912,4.6515,3.9974,4.1622,4.7898,4.4192,3.9827,3.4427,2.6674,1.1323,0.93409,-0.36878,-1.7193
0.60344,-0.49523,20.642,20.347,20.089,20.244,20.101,20.384,20.173,20.334,20.174,19.696,18.92,17.122,10.162,6.6263,1.5642,5.54,11.221,14.031,13.473,13.204,14.246,14.592,11.467,9.0411,7.8994,8.6744,8.3638,6.2574,5.0402,4.4445,4.991,4.7332,4.3726,3.9332,4.36,3.6051,4.0455,4.2786,3.5935,3.4438,4.0189,3.6031,3.2405,2.7336,1.9709,0.79266,0.73055,-0.26144,-1.1112
0.75799,-0.46718,21.361,21.337,20.796,21.026,20.874,21.177,20.944,21.034,21,20.17,19.356,18.267,11.21,4.7376,2.3282,3.9031,11.712,16.48,15.312,14.449,15.085,16.022,13.5,9.8424,8.0511,8.6267,8.382,6.7215,5.7899,5.2509,5.7863,5.4003,5.1749,5.2272,5.2992,4.763,5.5602,5.609,5.1325,5.4942,6.157,5.8548,5.3428,4.8322,4.0724,2.4178,2.0786,0.52947,-1.2189
0.80956,-0.3707,21.754,21.975,21.408,21.565,21.457,21.751,21.451,21.548,21.513,20.346,19.754,18.89,12.295,2.7117,4.4078,2.3551,11.708,18.29,17.038,15.53,15.389,16.388,14.747,10.426,8.0324,8.1664,7.9754,6.9855,6.4956,6.2054,6.7057,6.5811,6.7488,7.368,7.4126,7.2827,8.2196,8.0736,8.0562,8.5891,9.2724,9.1226,8.5194,8.0858,7.3554,5.8354,5.2803,3.4228,1.1409
0.68846,-0.36799,21.599,21.718,21.188,21.337,21.201,21.494,21.23,21.349,21.289,20.212,19.513,18.438,11.675,3.6345,3.4954,2.8858,11.57,17.355,16.145,14.892,15.06,15.974,13.975,9.9591,7.8425,8.1654,7.9403,6.648,6.0305,5.6655,6.1988,5.977,6.0296,6.4316,6.492,6.1801,7.0735,7.0007,6.7997,7.2429,7.9175,7.707,7.1413,6.7197,6.0023,4.4599,3.9896,2.2993,0.29761
0.83457,-0.31032,21.769,22.057,21.525,21.648,21.576,21.855,21.541,21.625,21.584,20.375,19.952,19.136,12.976,2.4858,5.5097,2.0825,11.495,18.71,17.639,15.944,15.482,16.419,15.202,10.873,8.2881,8.16,7.9605,7.2353,6.8902,6.7003,7.1669,7.2096,7.5432,8.351,8.472,8.535,9.466,9.2737,9.4556,9.9942,10.656,10.586,9.9952,9.6003,8.8885,7.5442,6.937,5.0525,2.6732
0.86632,-0.20563,21.461,21.797,21.413,21.487,21.52,21.727,21.454,21.459,21.416,20.389,20.434,19.672,15.059,4.3224,8.2228,2.7577,10.586,18.722,18.554,16.727,15.684,16.335,16.107,12.427,9.6266,8.7887,8.4869,8.2274,8.0531,8.0244,8.3696,8.8307,9.4673,10.527,10.968,11.457,12.264,12.058,12.634,13.076,13.623,13.755,13.319,13.034,12.38,11.6,10.985,9.272,6.985
0.74702,-0.22661,21.643,21.956,21.521,21.575,21.543,21.79,21.492,21.571,21.497,20.309,20.096,19.183,13.722,3.204,6.6939,2.16,10.917,18.547,17.877,16.099,15.351,16.102,15.346,11.319,8.6536,8.2065,7.9469,7.4132,7.2087,7.1263,7.5569,7.8062,8.3337,9.2815,9.5557,9.8044,10.689,10.484,10.857,11.331,11.943,11.968,11.443,11.137,10.477,9.4303,8.8092,7.0394,4.7509
0.87907,-0.14155,21.167,21.48,21.188,21.253,21.337,21.494,21.285,21.229,21.204,20.393,20.68,19.959,16.392,6.5948,9.5891,3.7419,9.8695,18.183,18.708,17.005,15.792,16.27,16.536,13.49,10.703,9.4646,9.0524,8.9322,8.7637,8.7666,9.0211,9.663,10.401,11.5,12.14,12.827,13.546,13.377,14.106,14.479,14.941,15.183,14.884,14.669,14.064,13.595,13.027,11.497,9.3927
0.88979,-0.032672,20.459,20.655,20.535,20.609,20.756,20.801,20.789,20.619,20.666,20.411,21.034,20.419,19.019,12.819,11.669,6.4391,8.2296,16.101,18.218,17.151,15.962,16.131,17.133,15.662,13.149,11.225,10.511,10.404,10.106,10.053,10.098,10.924,11.712,12.704,13.699,14.651,15.206,15.174,16.053,16.286,16.568,16.991,17.023,16.97,16.492,16.554,16.161,15.109,13.584
0.77688,-0.076516,20.788,21.039,20.87,20.894,21.008,21.107,20.999,20.906,20.888,20.325,20.808,20.026,17.646,9.8776,10.676,5.0228,8.7717,16.89,18.268,16.885,15.661,15.916,16.607,14.436,11.819,10.199,9.6043,9.4698,9.2862,9.2916,9.4499,10.21,11.032,12.099,12.943,13.771,14.406,14.309,15.132,15.412,15.775,16.122,16,15.904,15.396,15.25,14.764,13.53,11.777
0.58728,0.043843,20.139,20.261,20.318,20.15,20.2,20.252,20.297,20.317,20.296,20.068,20.463,19.475,18.952,16.422,11.04,7.3629,5.9669,12.163,15.138,15.186,14.698,14.617,15.509,15.155,13.38,11.431,10.296,9.628,9.3577,9.2109,9.1137,9.6068,10.393,11.187,12.193,13.005,13.593,13.717,14.411,14.59,14.793,15.2,15.403,15.599,15.448,15.59,15.32,14.745,13.937
0.55936,0.18424,19.466,19.616,19.835,19.523,19.44,19.537,19.509,19.814,19.864,20.136,19.914,19.418,20.81,23.824,11.445,10.505,3.3382,5.1901,9.9976,12.98,14.092,13.946,14.572,16.327,15.958,13.921,12.003,10.692,10.128,9.5052,8.7191,8.3052,8.5534,8.8264,9.7538,10.471,10.992,11.483,11.765,12.033,12.049,12.304,12.856,13.255,13.635,13.806,13.848,13.939,14.235
0.49386,0.098236,19.978,20.103,20.269,19.926,19.895,19.978,19.956,20.179,20.075,19.779,19.805,18.594,18.569,18.642,10.596,7.9449,4.4191,8.8666,12.189,13.269,13.481,13.229,13.921,14.383,13.343,11.529,10.071,8.9821,8.7162,8.4697,8.1741,8.2521,8.9576,9.5864,10.527,11.188,11.766,12.029,12.517,12.684,12.824,13.147,13.438,13.795,13.935,14.075,13.89,13.655,13.387
0.5258,0.26525,19.406,19.706,19.926,19.604,19.479,19.64,19.373,19.851,19.83,20.18,19.507,19.301,20.779,24.924,11.696,10.896,3.2234,2.8222,7.3842,11.609,13.524,13.49,13.773,15.948,16.311,14.542,12.359,10.916,10.221,9.3709,8.1914,7.1725,7.0506,7.1398,7.8696,8.4777,8.9059,9.5448,9.5719,9.9424,9.9247,9.9739,10.53,10.923,11.517,11.612,11.681,11.954,12.474
0.44627,0.38427,19.668,20.324,20.399,20.277,20.19,20.424,19.629,20.211,19.856,20.202,19.002,18.984,19.114,21.988,12.644,9.2261,5.1108,2.1313,4.3092,9.2451,12.028,12.379,12.035,13.687,14.981,14.045,11.814,10.644,9.7378,8.6804,7.0225,5.1159,4.4088,4.4273,4.6945,5.0837,5.178,5.9105,5.6101,6.1203,6.1668,5.7897,6.0663,6.2858,6.9337,7.0058,6.7912,7.1447,7.209
0.41868,0.27975,19.7,20.118,20.277,19.971,19.87,20.06,19.562,20.091,19.806,19.823,18.918,18.352,18.822,22.042,11.665,9.2221,3.7134,3.0514,5.8833,9.7281,11.838,11.878,11.948,13.639,14.393,13.134,11.063,9.7131,9.0018,8.24,7.0225,5.6865,5.5534,5.7523,6.2788,6.7293,7.0113,7.6144,7.5675,7.9242,7.9718,7.8672,8.2139,8.5847,9.1968,9.2918,9.1382,9.4424,9.6621
0.38427,0.44627,19.781,20.449,20.396,20.455,20.441,20.622,19.815,20.224,19.695,20.053,18.995,18.763,18.089,19.684,13.243,8.122,5.7166,2.6617,3.7379,8.0034,10.838,11.444,11.078,12.261,13.706,13.081,11.085,10.202,9.0548,8.1002,6.5144,4.4508,3.7077,3.8056,3.9193,4.2586,4.1563,4.7947,4.5426,4.9922,5.1122,4.7109,4.8622,5.0412,5.5126,5.7446,5.2759,5.691,5.2371
0.26525,0.5258,19.893,20.182,19.85,20.184,20.343,20.249,20.097,19.932,19.267,19.601,19.194,18.654,17.097,17.046,14.326,8.0142,5.7537,4.0622,3.8325,5.7158,8.3393,9.619,9.7204,10.294,11.482,11.022,9.932,9.5793,7.5982,7.2155,6.3472,4.4227,3.8928,4.0609,3.9004,4.2179,3.9282,4.2065,4.2886,4.4543,4.718,4.7156,4.8531,5.1248,5.1568,5.7054,4.9253,5.5735,4.49
0.27975,0.41868,19.947,20.364,20.24,20.284,20.329,20.394,19.932,20.129,19.508,19.497,18.691,17.943,16.919,17.99,13.047,7.6778,5.0239,3.6595,4.1156,6.7309,9.1652,9.8577,9.8807,10.773,11.955,11.363,9.8426,9.0663,7.7073,7.1726,6.087,4.289,3.9674,4.2248,4.3371,4.65,4.5478,4.9651,4.9694,5.2132,5.4,5.2642,5.3922,5.7013,6.0164,6.3633,5.7631,6.2544,5.6074
0.18424,0.55936,20.025,20.103,19.721,20.01,20.26,19.999,20.282,19.96,19.326,19.477,18.892,18.857,17.398,17.31,15.025,9.6539,6.1488,5.0558,4.2907,5.1437,7.7319,9.4125,9.8214,10.316,11.258,10.787,10.27,10.105,7.7408,7.6354,7.0922,5.2938,4.6111,4.5976,4.1978,4.465,4.201,4.358,4.5154,4.5995,4.8805,5.0894,5.2513,5.5475,5.5386,5.9513,5.2719,5.9818,5.0699
0.043843,0.58728,20.439,20.349,20.196,19.993,20.41,19.918,20.702,20.542,19.986,19.5,17.396,19.374,18.737,19.329,16.384,14.245,7.8758,7.4964,5.805,5.6122,8.1895,10.438,11.298,11.807,12.297,11.842,12.26,12.262,9.6983,9.8316,9.42,7.8751,6.3978,5.8035,4.984,5.1147,5.0155,5.1064,5.2528,5.3307,5.5374,5.8775,5.9766,6.1842,6.5044,6.1118,5.9592,6.5645,6.4617
0.098236,0.49386,20.365,20.354,20.152,20.077,20.356,20.039,20.46,20.343,19.701,19.095,17.464,18.008,17.131,17.752,14.853,11.22,6.3906,6.2085,5.0825,5.1482,7.4528,9.1056,9.8821,10.465,11.141,10.687,10.561,10.312,8.1401,8.2085,7.7637,6.218,5.4381,5.2471,4.8095,4.9652,4.8598,4.9825,5.2025,5.2293,5.4488,5.7245,5.8281,6.1693,6.388,6.3911,5.9891,6.5971,6.1894
-0.043843,0.58728,20.71,20.668,20.752,20.269,20.725,20.218,20.87,20.968,20.348,19.283,15.76,18.61,18.545,19.36,16.539,15.55,8.6452,8.3635,6.3273,5.8525,8.2394,10.541,11.65,12.2,12.575,12.249,12.907,12.939,10.639,10.719,10.089,8.6547,6.8376,5.9939,5.1873,5.2462,5.2273,5.2817,5.5725,5.5909,5.7182,5.9488,5.9535,6.1341,6.664,5.9083,5.9937,6.4865,6.6722
-0.18424,0.55936,21.213,21.252,21.685,21.131,21.458,21.084,20.952,21.517,20.725,17.995,10.692,13.766,15.272,16.29,14.932,14.722,8.8427,8.3475,6.2707,5.0288,6.4019,8.4597,10.364,11.329,11.605,11.65,12.196,12.277,11.015,10.779,9.5194,8.2593,6.3746,5.1894,4.6441,4.5431,4.7398,4.5608,5.715,5.3191,5.2474,5.1553,5.0577,5.3891,5.9485,5.2,5.4936,5.8182,6.1573
-0.098236,0.49386,20.986,20.982,21.204,20.674,21,20.631,20.828,21.176,20.438,18.371,13.343,15.485,16.079,17.267,14.905,13.826,7.9118,7.9083,6.0801,5.135,6.8637,8.6883,10.191,10.995,11.358,11.192,11.617,11.492,9.8948,9.8856,9.0635,7.7763,6.3545,5.5665,5.0611,5.0124,5.1129,5.0964,5.7535,5.5647,5.6033,5.7139,5.6704,6.0136,6.5451,5.9251,6.0232,6.4233,6.6495
-0.26525,0.5258,21.365,21.335,21.713,21.473,21.608,21.343,20.885,21.505,20.802,17.14,7.7209,9.924,12.554,14.002,13.419,13.406,8.682,7.7207,5.9279,4.0448,4.6474,6.5648,8.9832,10.444,10.673,10.898,11.163,11.31,10.643,10.25,8.8254,7.5806,5.8781,4.5143,3.7945,3.5512,3.8805,3.5463,5.1834,4.5243,4.3774,4.2217,4.2001,4.6322,4.9361,4.5472,4.8868,5.1488,5.502
-0.38427,0.44627,21.368,21.087,20.992,21.612,21.246,21.279,20.635,21.063,20.881,15.849,3.3161,2.6126,7.451,10.518,10.446,10.972,8.5299,6.3169,5.3042,2.2782,1.4219,3.1311,6.3038,8.9281,9.1107,9.5773,9.0975,9.3928,9.5862,9.0502,7.7689,6.3632,5.1321,3.522,1.7549,1.2166,1.6879,1.206,3.1581,2.2417,2.1389,2.1084,2.378,2.817,2.482,2.9669,3.4032,3.4831,3.8539
-0.27975,0.41868,21.391,21.246,21.367,21.457,21.321,21.244,20.738,21.254,20.758,16.38,6.1487,6.1488,9.562,12.09,11.456,11.266,8.0241,6.8374,5.542,3.0325,2.9053,4.3361,7.0272,9.0234,9.2703,9.5895,9.4295,9.455,9.3313,8.9877,7.8389,6.5964,5.5102,4.2626,3.2116,2.7653,3.1203,2.8064,4.3554,3.6472,3.5395,3.5228,3.6302,4.1279,4.1709,4.2335,4.5498,4.7142,5.0784
-0.44627,0.38427,21.293,20.962,20.662,21.414,20.844,21.083,20.578,20.877,20.922,15.569,2.6888,0.13516,5.6325,9.7148,9.584,10.368,8.802,6.1497,5.2928,2.0988,0.89416,2.1849,5.3586,8.3377,8.5751,9.1694,8.4674,8.7422,9.2004,8.7423,7.7576,6.2841,5.2753,3.721,1.4849,0.81324,1.0907,0.72669,2.0698,1.4269,1.5089,1.6219,1.9271,2.1999,1.9236,2.4852,3.0275,2.9232,3.2787
-0.5258,0.26525,21.005,20.846,20.607,20.74,20.066,20.643,20.702,20.713,20.759,15.87,5.2426,-1.3241,3.6614,9.0001,9.551,9.9671,9.6267,7.0663,5.6655,3.3445,2.4839,2.056,4.311,7.0589,7.6481,8.6308,8.1054,8.0205,8.8156,8.7066,8.4835,7.1979,6.6087,5.5024,3.4665,2.5618,1.9062,1.7938,1.2709,1.858,2.2302,2.4633,2.5251,2.4219,3.1599,3.0117,3.7604,3.3966,3.4851
-0.41868,0.27975,21.224,21.004,20.791,21.093,20.543,20.884,20.649,20.867,20.777,15.744,4.7784,0.42216,5.0888,9.6578,9.521,9.6514,8.6395,6.5823,5.4935,2.6982,1.8143,2.0648,4.6809,7.3478,7.7602,8.4625,7.9127,7.8343,8.4594,8.27,7.749,6.4803,5.932,4.8072,3.0065,2.2104,2.0819,1.9143,2.3065,2.2106,2.3765,2.5858,2.7415,2.9516,3.1778,3.3656,3.9011,3.7268,4.0116
-0.55936,0.18424,20.779,20.737,20.749,20.479,19.932,20.458,20.844,20.613,20.541,16.466,7.55,-0.83227,2.9801,8.3139,10.005,9.8983,10.091,7.9532,5.9209,4.4398,3.771,2.5545,3.9959,6.2259,7.0776,8.3367,8.2124,7.8834,8.8457,8.8799,8.9972,8.0174,7.625,6.7258,5.2427,4.1844,2.9705,2.7001,1.8274,2.5696,2.9386,3.1566,3.1605,3.0378,4.1422,3.7102,4.4968,4.2508,4.1932
-0.58728,0.043843,20.366,20.406,20.959,20.399,20.312,20.268,21.146,20.341,20.158,18.044,11.985,1.5665,2.4139,6.8693,10.876,10.025,10.704,9.649,6.3234,6.4467,5.9379,3.9882,3.7987,4.8738,6.2074,7.8465,8.7136,8.0859,9.1979,9.3113,9.8306,9.5302,9.497,8.786,8.4882,7.1642,5.1264,4.0124,3.3091,3.6231,3.9433,4.1913,4.2933,4.4218,5.5478,5.0078,5.6923,6.0682,5.9862
-0.49386,0.098236,20.703,20.692,20.968,20.538,20.251,20.429,20.963,20.568,20.364,17.142,9.9074,0.96771,2.9625,7.801,10.244,9.4188,9.8998,8.7384,6.2447,5.275,4.7182,3.112,3.6773,5.2006,6.2219,7.59,7.9626,7.3639,8.465,8.6113,8.9686,8.4153,8.4241,7.7906,7.0854,5.9038,4.4581,3.8623,3.1252,3.5169,3.7517,4.0153,4.0502,4.1646,5.1694,4.7373,5.3511,5.4248,5.4929
-0.58728,-0.043843,20.336,20.305,20.93,20.618,20.729,20.333,21.231,20.274,20.252,18.638,13.15,2.9062,2.3808,6.5617,10.961,10.225,10.925,10.359,6.781,7.0621,6.4815,4.7049,3.7932,4.4385,5.8728,7.541,8.7822,8.1907,9.3156,9.4124,10.033,9.9463,10.162,9.5291,9.5438,8.1552,6.0332,4.525,4.0765,3.9541,4.1307,4.4824,4.6523,4.9129,5.7385,5.3003,5.8088,6.4498,6.6099
-0.55936,-0.18424,20.623,20.397,20.76,21.167,21.483,20.784,21.169,20.474,21.005,19.07,13.2,6.1833,2.4971,7.296,11.111,11.056,11.434,11.724,8.777,7.5686,6.5783,6.1171,4.3089,4.2676,5.4618,7.0301,8.527,8.3505,9.4114,9.4822,10.146,10.099,10.88,10.567,10.621,9.3308,7.7074,6.1698,5.9956,4.8523,4.2686,4.8379,5.0754,5.3875,5.5226,5.2929,5.2577,5.972,6.8688
-0.49386,-0.098236,20.623,20.503,20.958,20.909,21.047,20.576,21.128,20.478,20.593,18.474,12.715,4.3708,2.6541,7.1487,10.721,9.9701,10.633,10.653,7.6813,6.8855,6.133,4.8959,3.7816,4.151,5.3414,6.8771,8.0808,7.5624,8.7466,8.9087,9.5483,9.4882,10.078,9.7236,9.767,8.4607,6.8108,5.5214,5.1549,4.603,4.3875,4.8255,4.9783,5.3055,5.7971,5.4854,5.6968,6.2624,6.821
-0.5258,-0.26525,20.717,20.46,20.687,21.172,21.522,20.99,21.039,20.63,21.298,19.156,13.062,8.2314,2.379,7.8628,11.646,11.705,11.939,12.612,10.343,7.9504,6.6075,6.8827,4.9879,4.5134,5.3436,6.9355,8.3776,8.5095,9.5583,9.6398,10.295,10.196,11.165,11.071,11.046,9.9136,8.6708,7.5261,7.1472,5.5718,4.4218,4.927,5.2183,5.3932,5.4151,5.1987,4.9515,5.5007,6.605
-0.44627,-0.38427,20.595,20.411,20.55,20.535,20.851,21.038,20.712,20.742,21.163,19.271,13.349,11.592,2.1393,8.6812,13.175,12.901,12.989,14.104,13.22,8.9397,6.88,7.899,6.5434,5.3762,5.2939,7.0084,8.1518,8.8121,9.9404,10.067,10.703,10.535,11.537,11.779,11.617,10.851,10.273,10.262,8.9534,6.988,4.789,4.7803,5.2764,4.991,5.3201,4.9861,4.7021,4.8264,5.7952
-0.41868,-0.27975,20.768,20.561,20.771,20.871,21.124,20.961,20.844,20.749,21.118,18.937,13.081,9.4969,2.4783,8.1514,11.987,11.52,11.979,12.977,11.522,8.1972,6.5574,6.8408,5.3938,4.6203,4.9118,6.4918,7.677,7.9003,9.1199,9.3189,9.9931,9.9417,10.99,11.165,11.146,10.198,9.4195,8.9478,8.09,6.4879,4.93,5.1327,5.4395,5.4122,5.6213,5.3573,5.1154,5.3887,6.397
-0.38427,-0.44627,20.467,20.311,20.498,20.145,20.377,20.813,20.607,20.639,20.731,19.424,14.043,12.463,2.6086,8.5182,13.521,13.212,13.449,14.56,14.127,9.674,7.3513,8.0041,7.0218,5.7049,5.2092,6.8384,7.8746,8.72,10,10.193,10.87,10.813,11.722,12.075,11.949,11.31,10.997,11.399,9.6249,7.7667,5.2948,4.8639,5.3982,4.7765,5.3038,4.9002,4.7879,4.8221,5.5813
-0.26525,-0.5258,20.41,20.213,20.478,19.915,19.847,20.197,20.612,20.347,19.853,19.841,15.815,12.479,5.2548,6.7627,12.57,13.483,14.361,14.939,14.771,11.609,9.0228,7.5906,7.1886,6.1846,5.2604,6.0708,7.0166,8.3225,9.9508,10.409,11.156,11.533,12.2,12.731,12.772,12.301,12.467,13.006,10.929,9.7701,7.5078,6.1707,6.3036,4.6013,5.0176,4.5208,4.8271,4.8972,5.399
-0.27975,-0.41868,20.586,20.414,20.674,20.202,20.255,20.545,20.628,20.594,20.356,19.323,14.613,11.694,3.8475,7.5471,12.494,12.342,13.193,14.179,13.774,10.084,7.8106,7.2347,6.5195,5.4259,4.8074,6.0357,6.9822,7.7682,9.2867,9.6684,10.402,10.614,11.511,11.994,12.036,11.416,11.322,11.693,9.9643,8.5574,6.437,5.7103,5.9688,5.0483,5.4929,5.0913,5.1387,5.1834,5.8531
-0.18424,-0.55936,20.462,20.235,20.494,20.121,19.912,20.042,20.631,20.294,19.724,20.004,16.612,12.328,7.0309,5.124,11.554,13.654,14.933,15.139,14.942,12.84,10.173,7.5009,7.1799,6.5365,5.6178,5.7624,6.6496,8.3651,9.9979,10.635,11.308,11.912,12.495,13.126,13.241,12.928,13.289,13.599,11.846,11.039,9.1816,7.5077,7.194,4.7508,4.7644,4.2546,4.632,4.663,5.1541
-0.043843,-0.58728,20.508,20.282,20.547,20.744,20.429,20.15,20.512,20.378,20.01,19.937,17.39,12.159,9.7435,1.512,9.7066,13.849,15.78,15.399,15.088,14.827,12.096,7.6187,7.0406,7.1641,6.5891,5.5986,6.3174,8.8463,10.117,11.075,11.396,12.331,12.871,13.674,13.921,14.027,14.49,14.114,13.61,13.147,12.272,10.399,9.1427,5.4904,4.5075,4.0729,4.2615,4.054,4.6135
-0.098236,-0.49386,20.613,20.4,20.705,20.537,20.279,20.172,20.568,20.461,19.961,19.659,16.687,11.777,7.9848,3.4673,10.245,12.582,14.51,14.725,14.446,13.119,10.606,7.1475,6.6276,6.2861,5.5684,5.2843,6.0268,7.765,9.2498,10.062,10.599,11.392,12.097,12.844,13.115,12.938,13.319,13.264,12.269,11.622,10.408,8.8519,8.1063,5.5061,5.089,4.6734,4.8761,4.7598,5.3103
0.043843,-0.58728,20.412,20.207,20.583,20.862,20.58,20.259,20.298,20.433,20.127,19.643,17.499,12.28,10.142,0.2701,9.1201,13.257,15.571,15.161,14.975,15.123,12.493,7.7049,6.8205,7.128,6.7045,5.539,6.1308,8.6863,9.6691,10.703,10.855,11.933,12.528,13.365,13.77,14.043,14.408,13.818,13.91,13.372,12.903,11.166,9.6771,6.0341,4.8382,4.5164,4.551,4.2249,4.7569
0.18424,-0.55936,20.067,19.84,20.514,20.5,20.351,20.224,19.721,20.353,19.928,18.86,17.554,12.794,9.2434,0.81079,7.8651,10.433,13.624,13.647,13.977,14.031,12.188,8.0973,6.2976,6.4511,6.1215,5.4887,5.7534,7.098,7.3996,8.2592,8.3348,9.5595,10.253,10.877,11.746,12.006,12.029,11.485,12.123,11.178,11.23,10.076,8.8041,6.519,5.6118,5.4465,5.3876,4.976,5.3844
0.098236,-0.49386,20.412,20.215,20.734,20.733,20.511,20.295,20.113,20.517,20.093,19.094,17.212,12.14,9.1279,1.0472,8.4744,10.945,13.866,14.059,14.062,13.787,11.644,7.4893,6.2476,6.2729,5.8302,5.131,5.546,7.1491,7.9646,8.9006,9.1271,10.236,11.017,11.785,12.432,12.574,12.796,12.309,12.544,11.81,11.549,10.254,9.0253,6.5034,5.629,5.4063,5.3619,5.002,5.4791
0.26525,-0.5258,19.98,19.708,20.369,20.223,20.11,20.117,19.561,20.245,19.761,18.705,17.775,13.461,8.9166,2.3354,6.5878,8.7274,12.404,12.917,13.362,13.291,12.154,8.9653,6.6888,6.4783,6.0569,5.847,5.9058,6.2158,6.1134,6.6958,6.8763,7.9588,8.5589,8.9227,9.9218,9.9952,9.9512,9.5912,10.127,9.1073,9.3444,8.4875,7.5051,6.0379,5.3264,5.0827,5.0724,4.6039,4.8878
0.38427,-0.44627,20.253,19.929,20.155,20.04,19.917,20.109,19.774,20.203,19.803,19.056,18.352,15.291,9.1888,5.4796,3.544,6.2222,10.952,12.797,12.848,12.558,12.825,11.776,8.9281,7.5273,6.7157,7.2012,6.969,5.4979,4.7493,4.6371,5.1175,5.4978,5.6479,5.4785,6.3005,5.8338,5.9936,6.0496,5.8697,5.1807,5.6234,5.133,4.6603,4.1573,3.5608,2.9306,2.9591,2.2785,2.0815
0.27975,-0.41868,20.309,20.057,20.494,20.256,20.119,20.2,19.816,20.388,19.892,18.775,17.867,14.007,8.8296,4.0395,5.2422,6.7216,11.085,12.71,12.879,12.416,11.911,9.8657,7.5558,6.5972,5.8945,6.0433,5.9321,5.2342,5.0563,5.3574,5.7781,6.5095,7.071,7.2952,8.1898,7.9544,8.0976,7.9562,8.107,7.3018,7.6102,7.0288,6.3677,5.6459,5.1072,4.7216,4.6781,4.1098,4.1428
0.44627,-0.38427,20.647,20.411,20.36,20.324,20.179,20.414,20.167,20.467,20.171,19.396,18.671,16.258,9.8093,5.8185,2.7469,5.1119,10.79,13.728,13.369,12.862,13.393,13.167,10.429,8.2337,7.0881,7.6501,7.3559,5.5894,4.7788,4.4755,5.0358,5.0929,5.1263,4.9753,5.5465,4.9665,5.3837,5.4929,5.1123,4.7902,5.3226,4.9406,4.5313,4.178,3.5454,2.6592,2.5611,1.6623,0.99916
0.5258,-0.26525,21.421,21.532,21.207,21.179,21.056,21.304,21.058,21.26,21.078,19.902,19.344,17.74,11.666,4.3689,4.4272,2.8267,10.677,16.449,15.668,14.358,14.245,14.706,13.069,9.56,7.5277,7.6118,7.3124,6.1123,5.7546,5.5781,6.1267,6.1635,6.5186,7.0476,7.3183,7.1206,7.9425,7.856,7.8354,8.0827,8.6923,8.5513,8.0499,7.8084,7.206,6.0871,5.6308,4.1984,2.5441
0.41868,-0.27975,21.038,20.982,20.905,20.743,20.595,20.796,20.568,20.896,20.565,19.396,18.687,16.225,10.334,5.2375,3.9685,3.7872,10.179,14.448,13.971,12.964,13.009,12.801,10.821,8.2167,6.7254,6.9833,6.663,5.2066,4.8814,4.7919,5.3879,5.5434,5.9627,6.2659,6.7557,6.3761,6.997,6.9868,6.8515,6.7271,7.2453,7.0086,6.5637,6.3922,5.8774,5.0556,4.7668,3.7435,2.8023
0.55936,-0.18424,21.423,21.648,21.352,21.277,21.216,21.438,21.198,21.351,21.19,20.005,19.757,18.38,13.28,5.0399,6.3413,2.5979,9.9664,16.901,16.555,15.05,14.493,14.955,14.136,10.714,8.386,7.9446,7.5518,6.735,6.5806,6.5244,6.9799,7.2233,7.8309,8.6708,9.0444,9.1913,10.038,9.9007,10.2,10.531,11.096,11.124,10.684,10.525,9.9851,9.1166,8.5678,7.1117,5.2789
0.58728,-0.043843,20.655,20.852,20.79,20.658,20.715,20.814,20.744,20.765,20.676,20.052,20.406,19.253,17.163,11.503,10.047,5.2451,7.601,14.906,16.585,15.647,14.759,14.827,15.4,13.747,11.516,9.9471,9.1597,8.6765,8.5553,8.5501,8.6985,9.3141,10.184,11.154,12.004,12.708,13.371,13.344,14.056,14.276,14.609,14.942,14.888,14.945,14.604,14.505,14.072,13.106,11.758
0.49386,-0.098236,21,21.193,21.113,20.875,20.85,20.998,20.844,21.018,20.797,19.733,19.714,18.04,14.678,8.821,8.1039,3.769,7.988,14.839,15.55,14.39,13.719,13.745,13.683,11.457,9.3991,8.4025,7.7269,6.9332,6.9454,7.0003,7.3265,7.7519,8.6403,9.5734,10.227,10.601,11.348,11.288,11.785,11.983,12.398,12.589,12.363,12.434,12.114,11.745,11.257,10.229,8.894
0.34452,0.054392,20.413,20.546,20.718,20.239,20.177,20.276,20.145,20.495,20.146,19.184,18.875,16.843,15.612,14.985,9.3081,5.9285,4.6872,9.4222,11.293,11.53,11.65,11.203,11.59,11.426,10.517,9.249,8.0152,6.7894,6.7705,6.764,6.7172,6.754,7.7005,8.4631,9.2681,9.652,10.238,10.413,10.827,10.894,11.1,11.336,11.406,11.815,11.971,12.005,11.676,11.403,11.052
0.28207,0.20515,20.112,20.395,20.531,20.129,20.065,20.193,19.82,20.28,19.792,19.107,18.198,16.76,16.366,18.432,10.872,7.4517,3.5849,4.8914,6.4696,8.4681,9.9791,9.8602,10.155,11.173,11.64,10.642,9.0187,7.7159,7.16,6.83,6.1009,5.0893,5.464,5.9266,6.459,6.7768,7.0719,7.4719,7.6156,7.7812,7.9034,7.9348,8.1077,8.5752,9.0629,9.1919,8.8564,9.0941,9.048
0.25263,0.10464,20.443,20.604,20.792,20.259,20.183,20.277,20.041,20.491,19.977,18.752,17.89,15.647,14.62,15.472,9.5877,6.0817,4.0041,7.4061,8.6861,9.2038,9.8207,9.3208,9.7044,10.031,9.816,8.8564,7.5669,6.2276,6.133,6.1335,5.9183,5.5383,6.4086,7.0897,7.7588,7.9876,8.4365,8.6761,8.9621,8.9857,9.1387,9.2922,9.3489,9.8453,10.185,10.257,9.9032,9.8952,9.773
0.20515,0.28207,20.215,20.485,20.51,20.236,20.236,20.301,19.959,20.302,19.677,18.898,17.728,16.435,15.749,17.456,11.704,7.4441,4.0444,4.662,5.2686,6.8318,8.6102,8.8416,9.2232,10.139,10.908,10.204,8.8407,7.7797,6.8704,6.6121,5.8627,4.558,4.7477,5.1394,5.4571,5.6966,5.814,6.158,6.3127,6.4306,6.5843,6.6089,6.7175,7.1792,7.6027,7.7975,7.3341,7.7059,7.4225
0.054392,0.34452,20.655,20.675,20.656,20.33,20.488,20.303,20.42,20.608,19.891,18.344,15.754,15.46,15.083,16.504,13.072,9.8264,5.4914,6.2385,5.3753,5.0069,6.6806,7.643,8.6799,9.4539,10.025,9.6351,9.3041,8.7078,7.3118,7.4085,6.9471,5.685,5.4093,5.3734,5.2455,5.2805,5.3375,5.4704,5.8208,5.7439,5.8877,6.1129,6.1536,6.6379,7.0006,6.9456,6.6327,7.0866,6.941
0.10464,0.25263,20.592,20.701,20.753,20.348,20.381,20.346,20.209,20.545,19.835,18.255,16.204,14.738,14.153,15.907,11.5,7.7555,4.4112,5.8388,5.6754,5.752,7.1142,7.3442,8.127,8.9059,9.4544,8.9687,8.1403,7.1553,6.3431,6.392,5.9618,4.8971,5.1979,5.509,5.7182,5.7689,5.9152,6.1259,6.3987,6.3528,6.4846,6.6485,6.6841,7.228,7.6365,7.703,7.3181,7.6624,7.5355
-0.054392,0.34452,20.969,20.952,21.059,20.619,20.772,20.563,20.618,20.951,20.211,17.853,13.456,13.564,13.984,15.765,13.016,10.846,6.3377,6.9318,5.6733,4.5727,5.8902,6.932,8.3877,9.3359,9.7816,9.5995,9.5649,9.0834,7.9705,8.0614,7.5013,6.3364,5.8042,5.4625,5.2003,5.0742,5.1854,5.2379,5.7687,5.5713,5.6339,5.8254,5.8196,6.3141,6.7452,6.4879,6.3959,6.7647,6.8837
-0.20515,0.28207,21.329,21.21,21.279,21.158,20.983,20.983,20.678,21.111,20.566,16.404,8.0539,6.2299,8.7993,11.916,10.706,9.6082,7.1157,6.7448,5.5966,3.1944,3.1449,3.7032,5.9598,7.7582,8.1135,8.4145,8.1745,7.7973,7.8654,7.7997,7.1564,6.1009,5.7384,5.0096,4.2642,3.723,3.8859,3.7594,4.6178,4.1794,4.1486,4.2999,4.3647,4.9025,5.1236,5.1551,5.3438,5.4767,5.8224
-0.10464,0.25263,21.18,21.122,21.232,20.857,20.82,20.742,20.602,21.016,20.329,17.029,11.267,9.6598,10.734,13.369,11.179,9.1061,6.1462,6.8524,5.8028,3.9726,4.4785,4.8444,6.5459,7.796,8.1802,8.2341,8.0168,7.3653,7.0844,7.2046,6.7854,5.8402,5.8021,5.5195,5.2402,4.8668,5.0099,5.0169,5.5795,5.2663,5.2673,5.4741,5.4804,6.0605,6.4158,6.3357,6.3096,6.537,6.7966
-0.28207,0.20515,21.288,21.14,21.126,21.08,20.746,20.885,20.688,20.984,20.609,16.132,7.2515,3.334,6.3309,10.362,9.8267,8.9234,7.6852,6.9212,5.7383,3.1644,2.6815,2.6049,4.7187,6.7341,7.1713,7.7468,7.4569,7.0255,7.5841,7.5868,7.2397,6.2711,6.1575,5.4624,4.4709,3.7071,3.6096,3.4764,3.8657,3.6214,3.6501,3.8812,3.962,4.3923,4.6838,4.7469,5.0495,5.0508,5.4207
-0.34452,0.054392,20.955,20.889,21.144,20.789,20.595,20.596,20.886,20.741,20.449,17.076,10.303,2.8963,3.7739,8.3573,9.9516,8.5971,8.99,8.7607,6.7096,5.0775,4.5016,3.13,3.5775,4.7545,5.5687,6.7286,7.1085,6.3801,7.5205,7.7662,8.138,7.7419,8.1631,7.8404,7.4685,6.3655,5.3728,4.8915,4.4225,4.3773,4.3493,4.6571,4.6874,5.0123,5.6912,5.4253,5.7516,5.8859,6.2538
-0.25263,0.10464,21.188,21.092,21.233,20.929,20.693,20.732,20.739,20.912,20.474,16.61,9.5312,4.0746,5.4456,9.5865,9.6659,8.0492,7.7449,7.8468,6.4209,4.2052,3.7381,2.8371,4.0197,5.4093,5.9525,6.7139,6.7185,5.9714,6.8641,7.0937,7.1975,6.6347,7.054,6.7804,6.338,5.4471,5.0423,4.8385,4.7693,4.5712,4.5178,4.7941,4.8125,5.2616,5.7235,5.6359,5.8338,5.9015,6.3223
-0.34452,-0.054392,20.894,20.793,21.138,20.877,20.848,20.624,20.945,20.698,20.539,17.725,11.742,4.4233,3.2838,7.7861,10.208,8.8647,9.6471,9.9488,7.7458,6.1161,5.3497,4.0186,3.5972,4.1236,4.939,6.2517,7.0188,6.3534,7.6426,7.9394,8.5161,8.4015,9.1153,8.9851,8.9464,7.7883,6.6905,5.979,5.4815,5.0617,4.7672,5.0957,5.1579,5.4822,6.0099,5.743,5.9101,6.1956,6.7618
-0.28207,-0.20515,20.917,20.75,21.028,20.806,20.88,20.774,20.775,20.809,20.755,18.438,13.098,8.6277,3.291,7.7714,11.076,10.007,11.042,12.158,10.936,7.8913,6.3844,5.7294,4.7885,4.2346,4.3384,5.664,6.5733,6.4973,7.9324,8.3195,9.0232,9.1388,10.225,10.557,10.674,9.7713,9.2567,9.0037,8.1133,6.9473,5.6986,5.7141,5.8374,5.7664,6.0712,5.8133,5.6923,5.8416,6.6873
-0.25263,-0.10464,21.026,20.902,21.211,20.876,20.851,20.694,20.802,20.836,20.586,17.808,12.403,6.6238,3.8029,7.9631,10.173,8.5416,9.6016,10.617,9.1087,6.6951,5.6603,4.4766,3.9858,4.0102,4.3714,5.5433,6.2134,5.6481,7.0431,7.4661,8.1032,8.1487,9.1582,9.3774,9.5001,8.5202,7.91,7.5445,6.9382,6.2257,5.5575,5.7281,5.7528,5.9634,6.3587,6.1361,6.1162,6.2709,6.9695
-0.20515,-0.28207,20.851,20.687,20.993,20.59,20.588,20.621,20.668,20.765,20.497,18.715,14.085,10.035,4.0861,7.1374,11.127,10.339,11.738,12.942,12.229,9.089,7.2479,6.1632,5.3793,4.5834,4.2451,5.3402,6.1612,6.4109,7.955,8.4494,9.1805,9.4843,10.561,11.082,11.278,10.563,10.393,10.442,9.2827,8.1342,6.6628,6.2613,6.3,5.7733,6.0653,5.7656,5.7108,5.742,6.4798
-0.054392,-0.34452,20.797,20.621,21.004,20.691,20.481,20.355,20.504,20.685,20.167,18.97,15.984,11.007,7.1161,4.0552,9.4447,10.128,12.6,13.513,13.184,11.538,9.4999,6.512,5.7788,5.2943,4.689,4.7314,5.2982,6.1633,7.5862,8.3805,8.9675,9.7439,10.722,11.478,11.919,11.608,11.864,11.752,11.105,10.379,9.509,8.4905,7.8621,6.2524,5.9864,5.6933,5.7103,5.5321,6.0971
-0.10464,-0.25263,20.952,20.802,21.158,20.717,20.593,20.521,20.587,20.817,20.35,18.501,14.748,10.003,5.6113,6.037,9.7926,9.0172,11.117,12.517,11.965,9.5535,7.8514,5.8282,5.1721,4.5737,4.1338,4.7226,5.2833,5.4371,6.9488,7.6171,8.3012,8.8266,9.9662,10.635,11.014,10.451,10.516,10.482,9.7182,8.8752,7.9057,7.3757,7.0925,6.3771,6.4498,6.2001,6.1345,6.0451,6.6799
0.054392,-0.34452,20.718,20.554,21.006,20.736,20.521,20.368,20.317,20.698,20.17,18.82,16.584,11.582,8.0147,3.0405,8.3594,9.0945,12.194,13.304,13.144,12.045,10.231,6.9668,5.935,5.4915,4.8914,4.6808,5.0316,5.7475,6.8404,7.6655,8.146,9.0567,10.048,10.818,11.435,11.279,11.555,11.299,11.153,10.454,10.043,9.0961,8.2676,6.7036,6.2387,6.0064,5.9326,5.6185,6.067
0.20515,-0.28207,20.721,20.578,20.932,20.546,20.381,20.416,20.177,20.709,20.16,18.674,17.484,13.447,8.7803,4.7177,5.8363,5.5777,10.022,12.647,12.605,11.607,10.93,9.0818,7.441,6.2039,5.3121,5.395,5.2452,4.4378,4.7687,5.1846,5.7465,6.3999,7.2799,7.7834,8.5595,8.2771,8.6234,8.5084,8.5615,7.9611,8.1535,7.7329,7.1786,6.781,6.4295,6.0959,5.9261,5.3722,5.3281
0.10464,-0.25263,20.85,20.724,21.13,20.691,20.504,20.435,20.309,20.798,20.208,18.499,16.616,11.963,8.0889,4.7034,7.2499,6.5889,10.153,12.367,12.214,10.91,9.7525,7.3508,6.248,5.4275,4.7141,4.7281,4.7651,4.4357,5.3167,5.9682,6.548,7.2756,8.3731,9.074,9.7734,9.4858,9.8079,9.6607,9.5982,8.9775,8.8528,8.3356,7.7493,7.1187,6.8636,6.6405,6.4745,6.095,6.3403
0.28207,-0.20515,20.933,20.879,21.046,20.659,20.506,20.61,20.403,20.86,20.371,18.89,18.01,14.683,9.9211,6.0012,5.3881,4.1668,9.0514,12.98,12.867,11.778,11.432,10.424,9.0078,7.2135,6.0112,6.0179,5.6511,4.4181,4.59,4.8193,5.4064,5.8137,6.6632,7.2048,7.8711,7.5999,8.1414,8.0951,8.138,7.8212,8.1632,7.9615,7.538,7.4849,7.1819,6.7359,6.4519,5.748,5.2937
0.34452,-0.054392,20.809,20.931,21.04,20.592,20.52,20.629,20.481,20.82,20.436,19.168,18.842,16.443,13.725,10.678,8.0022,4.2934,6.4607,12.086,13.023,12.275,11.915,11.436,11.39,10.1,8.6913,7.7824,6.9254,5.8029,5.9836,6.1326,6.4225,6.7312,7.7815,8.6436,9.3781,9.6064,10.272,10.301,10.696,10.715,11.02,11.186,11.039,11.31,11.242,11.073,10.662,10.054,9.3566
0.25263,-0.10464,20.931,20.96,21.155,20.636,20.512,20.587,20.421,20.874,20.349,18.717,17.865,14.614,11.142,8.5619,6.8904,4.067,7.2021,11.817,12.106,11.021,10.635,9.6855,9.1266,7.8157,6.6893,6.2988,5.6898,4.4438,4.8255,5.1297,5.6096,5.9628,7.0749,7.8385,8.5435,8.4576,9.0403,9.039,9.2391,9.0351,9.2899,9.2983,9.0256,9.2438,9.1689,8.9464,8.5876,8.0634,7.6769
0.12132,0.050252,20.776,20.847,21.061,20.462,20.372,20.407,20.221,20.704,20.059,18.171,16.56,13.594,12.104,12.849,8.9764,5.528,4.7588,8.1644,8.5574,7.9904,8.2651,7.488,7.8457,7.9309,7.7164,7.1869,6.3018,4.999,5.1736,5.43,5.4929,5.2647,6.3009,6.9784,7.5618,7.5269,7.9292,8.0686,8.3105,8.1589,8.2682,8.4069,8.3333,8.8327,9.1303,9.1424,8.7922,8.7659,8.7502
0.050252,0.12132,20.86,20.907,21.052,20.519,20.469,20.46,20.302,20.734,20.023,17.756,15.077,12.484,11.842,13.723,10.059,6.6204,4.6245,6.9671,6.7765,5.9611,6.5845,6.2054,7.0285,7.6359,7.8711,7.5493,6.8356,5.6803,5.554,5.7803,5.6564,5.031,5.7642,6.1889,6.5073,6.366,6.5986,6.7383,7.0095,6.8465,6.9242,7.1226,7.0956,7.6858,8.0714,8.0973,7.7869,7.9563,8.0114
-0.050252,0.12132,21.121,21.09,21.242,20.758,20.675,20.636,20.51,20.919,20.232,17.138,12.531,9.4792,9.619,12.401,10.143,7.4164,5.6721,7.2264,6.4542,4.7433,4.9984,4.5963,5.7736,6.696,7.0288,7.1146,6.7745,5.8049,5.9799,6.2499,6.1654,5.5378,6.1119,6.2405,6.2839,5.8562,5.9477,5.9866,6.2463,5.97,5.9414,6.1725,6.1461,6.7405,7.1348,7.0979,6.964,7.1292,7.4037
-0.12132,0.050252,21.198,21.121,21.317,20.869,20.719,20.684,20.64,20.945,20.378,16.964,11.463,6.7561,6.6448,10.106,9.617,7.3348,7.076,8.2193,7.1338,4.9395,4.584,3.5915,4.4141,5.2576,5.6033,6.1499,6.1233,5.2259,6.0607,6.4291,6.6453,6.289,7.054,7.1654,7.1345,6.406,6.2432,6.1575,6.0848,5.7427,5.5664,5.7899,5.7496,6.2249,6.6295,6.5451,6.5302,6.6185,7.073
-0.12132,-0.050252,21.149,21.046,21.335,20.87,20.76,20.657,20.672,20.926,20.444,17.486,12.644,7.3749,5.3364,8.357,9.4603,7.3899,8.4667,9.9238,8.8487,6.4827,5.6276,4.2113,4.1818,4.3293,4.4627,5.2362,5.5357,4.7917,6.0607,6.5697,7.1063,7.1657,8.234,8.5934,8.7995,8.0029,7.779,7.6186,7.2368,6.6725,6.2134,6.3032,6.208,6.444,6.7731,6.6193,6.5501,6.5912,7.1815
-0.050252,-0.12132,21.081,20.973,21.317,20.794,20.656,20.568,20.564,20.91,20.359,17.973,14.35,9.3729,6.1142,7.0592,8.9328,7.1357,9.2228,11.176,10.552,8.3255,7.1542,5.3045,4.8745,4.4724,4.1597,4.6816,4.9388,4.4153,5.768,6.4014,7.0464,7.4447,8.6655,9.2948,9.7275,9.1254,9.1889,9.1137,8.6828,8.0357,7.4972,7.2973,7.0456,6.9067,7.0604,6.8842,6.752,6.6465,7.1733
0.050252,-0.12132,21.001,20.927,21.282,20.722,20.563,20.507,20.414,20.886,20.268,18.171,15.862,11.287,7.9605,6.9421,7.8497,5.8525,8.5011,11.256,11.027,9.3766,8.4585,6.5519,5.9581,5.2912,4.7063,4.8162,4.7237,3.9691,4.995,5.6075,6.2013,6.6986,7.9515,8.6927,9.3197,8.9442,9.2443,9.1819,9.0616,8.5324,8.3432,8.1234,7.7601,7.6536,7.6692,7.5157,7.2924,7.0395,7.3108
0.12132,-0.050252,20.941,20.951,21.22,20.617,20.488,20.502,20.353,20.849,20.224,18.273,16.743,13.024,10.235,9.3722,7.7486,4.7954,6.5972,10.369,10.498,9.3154,8.9497,7.6816,7.4339,6.7664,6.1035,5.8361,5.2856,4.1031,4.7022,5.1339,5.5586,5.8021,7.0215,7.7945,8.4592,8.2804,8.7349,8.761,8.8808,8.5803,8.6504,8.6488,8.4086,8.6719,8.7709,8.6657,8.3371,8.0719,8.0447
